source;id;type;title;date_adoption;date_publication;oj_or_guri_ref;url_html;sectors;tags_raw
EU;49341900-21a4-11f1-8c3a-01aa75ed71a1;regulation;;2026-03-17;;;https://eur-lex.europa.eu/legal-content/IT/TXT/?uri=CELEX:49341900-21a4-11f1-8c3a-01aa75ed71a1;;http://publications.europa.eu/ontology/cdm#regulation
EU;25de6387-23ff-11f1-8c3a-01aa75ed71a1;directive;;2026-03-11;;;https://eur-lex.europa.eu/legal-content/IT/TXT/?uri=CELEX:25de6387-23ff-11f1-8c3a-01aa75ed71a1;;http://publications.europa.eu/ontology/cdm#directive
EU;2d93ced9-23ff-11f1-8c3a-01aa75ed71a1;regulation;;2026-03-11;;;https://eur-lex.europa.eu/legal-content/IT/TXT/?uri=CELEX:2d93ced9-23ff-11f1-8c3a-01aa75ed71a1;;http://publications.europa.eu/ontology/cdm#regulation
EU;b1788372-2335-11f1-8c3a-01aa75ed71a1;regulation;;2026-03-11;;;https://eur-lex.europa.eu/legal-content/IT/TXT/?uri=CELEX:b1788372-2335-11f1-8c3a-01aa75ed71a1;;http://publications.europa.eu/ontology/cdm#regulation
EU;ea8d6d86-226e-11f1-8c3a-01aa75ed71a1;regulation;;2026-03-11;;;https://eur-lex.europa.eu/legal-content/IT/TXT/?uri=CELEX:ea8d6d86-226e-11f1-8c3a-01aa75ed71a1;;http://publications.europa.eu/ontology/cdm#regulation
EU;d8156a46-1b58-11f1-8c3a-01aa75ed71a1;regulation;;2026-03-09;;;https://eur-lex.europa.eu/legal-content/IT/TXT/?uri=CELEX:d8156a46-1b58-11f1-8c3a-01aa75ed71a1;;http://publications.europa.eu/ontology/cdm#regulation
EU;53a4fcd9-18fd-11f1-8870-01aa75ed71a1;regulation;;2026-03-06;;;https://eur-lex.europa.eu/legal-content/IT/TXT/?uri=CELEX:53a4fcd9-18fd-11f1-8870-01aa75ed71a1;;http://publications.europa.eu/ontology/cdm#regulation
EU;fd0d04ce-18fc-11f1-8870-01aa75ed71a1;regulation;;2026-03-06;;;https://eur-lex.europa.eu/legal-content/IT/TXT/?uri=CELEX:fd0d04ce-18fc-11f1-8870-01aa75ed71a1;;http://publications.europa.eu/ontology/cdm#regulation
EU;6cf405bd-18fd-11f1-8870-01aa75ed71a1;directive;;2026-03-05;;;https://eur-lex.europa.eu/legal-content/IT/TXT/?uri=CELEX:6cf405bd-18fd-11f1-8870-01aa75ed71a1;;http://publications.europa.eu/ontology/cdm#directive
EU;41b2ea19-185f-11f1-8870-01aa75ed71a1;regulation;;2026-03-05;;;https://eur-lex.europa.eu/legal-content/IT/TXT/?uri=CELEX:41b2ea19-185f-11f1-8870-01aa75ed71a1;;http://publications.europa.eu/ontology/cdm#regulation
EU;dc200b8f-15d9-11f1-8870-01aa75ed71a1;regulation;;2026-03-02;;;https://eur-lex.europa.eu/legal-content/IT/TXT/?uri=CELEX:dc200b8f-15d9-11f1-8870-01aa75ed71a1;;http://publications.europa.eu/ontology/cdm#regulation
EU;e62822fb-131f-11f1-8870-01aa75ed71a1;regulation;;2026-02-26;;;https://eur-lex.europa.eu/legal-content/IT/TXT/?uri=CELEX:e62822fb-131f-11f1-8870-01aa75ed71a1;;http://publications.europa.eu/ontology/cdm#regulation
EU;64d4f2a8-11eb-11f1-8870-01aa75ed71a1;regulation;;2026-02-25;;;https://eur-lex.europa.eu/legal-content/IT/TXT/?uri=CELEX:64d4f2a8-11eb-11f1-8870-01aa75ed71a1;;http://publications.europa.eu/ontology/cdm#regulation
EU;fb7aa1fc-12b3-11f1-8870-01aa75ed71a1;regulation;;2026-02-24;;;https://eur-lex.europa.eu/legal-content/IT/TXT/?uri=CELEX:fb7aa1fc-12b3-11f1-8870-01aa75ed71a1;;http://publications.europa.eu/ontology/cdm#regulation
EU;2f337274-12b4-11f1-8870-01aa75ed71a1;directive;;2026-02-24;;;https://eur-lex.europa.eu/legal-content/IT/TXT/?uri=CELEX:2f337274-12b4-11f1-8870-01aa75ed71a1;;http://publications.europa.eu/ontology/cdm#directive
EU;ec91f3a6-12b3-11f1-8870-01aa75ed71a1;regulation;;2026-02-24;;;https://eur-lex.europa.eu/legal-content/IT/TXT/?uri=CELEX:ec91f3a6-12b3-11f1-8870-01aa75ed71a1;;http://publications.europa.eu/ontology/cdm#regulation
EU;8ad516ca-12b4-11f1-8870-01aa75ed71a1;regulation;;2026-02-24;;;https://eur-lex.europa.eu/legal-content/IT/TXT/?uri=CELEX:8ad516ca-12b4-11f1-8870-01aa75ed71a1;;http://publications.europa.eu/ontology/cdm#regulation
EU;93effac6-12b3-11f1-8870-01aa75ed71a1;regulation;;2026-02-24;;;https://eur-lex.europa.eu/legal-content/IT/TXT/?uri=CELEX:93effac6-12b3-11f1-8870-01aa75ed71a1;;http://publications.europa.eu/ontology/cdm#regulation
EU;972b0c54-12b4-11f1-8870-01aa75ed71a1;regulation;;2026-02-24;;;https://eur-lex.europa.eu/legal-content/IT/TXT/?uri=CELEX:972b0c54-12b4-11f1-8870-01aa75ed71a1;;http://publications.europa.eu/ontology/cdm#regulation
EU;662c441b-0dfd-11f1-8870-01aa75ed71a1;regulation;;2026-02-19;;;https://eur-lex.europa.eu/legal-content/IT/TXT/?uri=CELEX:662c441b-0dfd-11f1-8870-01aa75ed71a1;;http://publications.europa.eu/ontology/cdm#regulation
EU;1ffadad9-0d34-11f1-8870-01aa75ed71a1;regulation;;2026-02-19;;;https://eur-lex.europa.eu/legal-content/IT/TXT/?uri=CELEX:1ffadad9-0d34-11f1-8870-01aa75ed71a1;;http://publications.europa.eu/ontology/cdm#regulation
EU;dd6a1713-0c6a-11f1-8870-01aa75ed71a1;regulation;;2026-02-17;;;https://eur-lex.europa.eu/legal-content/IT/TXT/?uri=CELEX:dd6a1713-0c6a-11f1-8870-01aa75ed71a1;;http://publications.europa.eu/ontology/cdm#regulation
EU;495e8fd6-0ba1-11f1-8870-01aa75ed71a1;regulation;;2026-02-16;;;https://eur-lex.europa.eu/legal-content/IT/TXT/?uri=CELEX:495e8fd6-0ba1-11f1-8870-01aa75ed71a1;;http://publications.europa.eu/ontology/cdm#regulation
EU;779e1bc7-0ad8-11f1-8870-01aa75ed71a1;regulation;;2026-02-16;;;https://eur-lex.europa.eu/legal-content/IT/TXT/?uri=CELEX:779e1bc7-0ad8-11f1-8870-01aa75ed71a1;;http://publications.europa.eu/ontology/cdm#regulation
EU;ebfd6845-0ad9-11f1-8870-01aa75ed71a1;regulation;;2026-02-13;;;https://eur-lex.europa.eu/legal-content/IT/TXT/?uri=CELEX:ebfd6845-0ad9-11f1-8870-01aa75ed71a1;;http://publications.europa.eu/ontology/cdm#regulation
EU;2ae65d0b-0c6b-11f1-8870-01aa75ed71a1;regulation;;2026-02-11;;;https://eur-lex.europa.eu/legal-content/IT/TXT/?uri=CELEX:2ae65d0b-0c6b-11f1-8870-01aa75ed71a1;;http://publications.europa.eu/ontology/cdm#regulation
EU;886a72ea-15d9-11f1-8870-01aa75ed71a1;regulation;;2026-02-11;;;https://eur-lex.europa.eu/legal-content/IT/TXT/?uri=CELEX:886a72ea-15d9-11f1-8870-01aa75ed71a1;;http://publications.europa.eu/ontology/cdm#regulation
EU;6ed0ef79-0621-11f1-825d-01aa75ed71a1;directive;;2026-02-09;;;https://eur-lex.europa.eu/legal-content/IT/TXT/?uri=CELEX:6ed0ef79-0621-11f1-825d-01aa75ed71a1;;http://publications.europa.eu/ontology/cdm#directive
EU;7f87b2c5-00a1-11f1-825d-01aa75ed71a1;regulation;;2026-02-02;;;https://eur-lex.europa.eu/legal-content/IT/TXT/?uri=CELEX:7f87b2c5-00a1-11f1-825d-01aa75ed71a1;;http://publications.europa.eu/ontology/cdm#regulation
EU;bece1ebb-00a1-11f1-825d-01aa75ed71a1;regulation;;2026-02-02;;;https://eur-lex.europa.eu/legal-content/IT/TXT/?uri=CELEX:bece1ebb-00a1-11f1-825d-01aa75ed71a1;;http://publications.europa.eu/ontology/cdm#regulation
EU;24254423-00a2-11f1-825d-01aa75ed71a1;regulation;;2026-02-02;;;https://eur-lex.europa.eu/legal-content/IT/TXT/?uri=CELEX:24254423-00a2-11f1-825d-01aa75ed71a1;;http://publications.europa.eu/ontology/cdm#regulation
EU;d737a4b4-fd7e-11f0-8da5-01aa75ed71a1;regulation;;2026-01-29;;;https://eur-lex.europa.eu/legal-content/IT/TXT/?uri=CELEX:d737a4b4-fd7e-11f0-8da5-01aa75ed71a1;;http://publications.europa.eu/ontology/cdm#regulation
EU;a09dff86-fcb3-11f0-8da5-01aa75ed71a1;regulation;;2026-01-29;;;https://eur-lex.europa.eu/legal-content/IT/TXT/?uri=CELEX:a09dff86-fcb3-11f0-8da5-01aa75ed71a1;;http://publications.europa.eu/ontology/cdm#regulation
EU;81382eaf-fd7c-11f0-8da5-01aa75ed71a1;regulation;;2026-01-29;;;https://eur-lex.europa.eu/legal-content/IT/TXT/?uri=CELEX:81382eaf-fd7c-11f0-8da5-01aa75ed71a1;;http://publications.europa.eu/ontology/cdm#regulation
EU;92ae301e-fcb3-11f0-8da5-01aa75ed71a1;regulation;;2026-01-28;;;https://eur-lex.europa.eu/legal-content/IT/TXT/?uri=CELEX:92ae301e-fcb3-11f0-8da5-01aa75ed71a1;;http://publications.europa.eu/ontology/cdm#regulation
EU;a4399cd7-fcb3-11f0-8da5-01aa75ed71a1;directive;;2026-01-28;;;https://eur-lex.europa.eu/legal-content/IT/TXT/?uri=CELEX:a4399cd7-fcb3-11f0-8da5-01aa75ed71a1;;http://publications.europa.eu/ontology/cdm#directive
EU;8fd7b78d-fcb3-11f0-8da5-01aa75ed71a1;regulation;;2026-01-28;;;https://eur-lex.europa.eu/legal-content/IT/TXT/?uri=CELEX:8fd7b78d-fcb3-11f0-8da5-01aa75ed71a1;;http://publications.europa.eu/ontology/cdm#regulation
EU;0c94b1b3-ffda-11f0-8da5-01aa75ed71a1;regulation;;2026-01-26;;;https://eur-lex.europa.eu/legal-content/IT/TXT/?uri=CELEX:0c94b1b3-ffda-11f0-8da5-01aa75ed71a1;;http://publications.europa.eu/ontology/cdm#regulation
EU;68b53092-fb22-11f0-8da5-01aa75ed71a1;regulation;;2026-01-26;;;https://eur-lex.europa.eu/legal-content/IT/TXT/?uri=CELEX:68b53092-fb22-11f0-8da5-01aa75ed71a1;;http://publications.europa.eu/ontology/cdm#regulation
EU;d32c3ea1-fb21-11f0-8da5-01aa75ed71a1;regulation;;2026-01-26;;;https://eur-lex.europa.eu/legal-content/IT/TXT/?uri=CELEX:d32c3ea1-fb21-11f0-8da5-01aa75ed71a1;;http://publications.europa.eu/ontology/cdm#regulation
EU;7db4d711-fd80-11f0-8da5-01aa75ed71a1;regulation;;2026-01-26;;;https://eur-lex.europa.eu/legal-content/IT/TXT/?uri=CELEX:7db4d711-fd80-11f0-8da5-01aa75ed71a1;;http://publications.europa.eu/ontology/cdm#regulation
EU;267e551a-fd80-11f0-8da5-01aa75ed71a1;regulation;;2026-01-26;;;https://eur-lex.europa.eu/legal-content/IT/TXT/?uri=CELEX:267e551a-fd80-11f0-8da5-01aa75ed71a1;;http://publications.europa.eu/ontology/cdm#regulation
EU;f2ccb5f5-fb21-11f0-8da5-01aa75ed71a1;regulation;;2026-01-26;;;https://eur-lex.europa.eu/legal-content/IT/TXT/?uri=CELEX:f2ccb5f5-fb21-11f0-8da5-01aa75ed71a1;;http://publications.europa.eu/ontology/cdm#regulation
EU;abc04874-f7fc-11f0-b9bc-01aa75ed71a1;regulation;;2026-01-22;;;https://eur-lex.europa.eu/legal-content/IT/TXT/?uri=CELEX:abc04874-f7fc-11f0-b9bc-01aa75ed71a1;;http://publications.europa.eu/ontology/cdm#regulation
EU;b066f7c9-f7fd-11f0-b9bc-01aa75ed71a1;regulation;;2026-01-22;;;https://eur-lex.europa.eu/legal-content/IT/TXT/?uri=CELEX:b066f7c9-f7fd-11f0-b9bc-01aa75ed71a1;;http://publications.europa.eu/ontology/cdm#regulation
EU;142dcae8-f7fc-11f0-b9bc-01aa75ed71a1;regulation;;2026-01-20;;;https://eur-lex.europa.eu/legal-content/IT/TXT/?uri=CELEX:142dcae8-f7fc-11f0-b9bc-01aa75ed71a1;;http://publications.europa.eu/ontology/cdm#regulation
EU;33fab622-f4d7-11f0-b9bc-01aa75ed71a1;regulation;;2026-01-16;;;https://eur-lex.europa.eu/legal-content/IT/TXT/?uri=CELEX:33fab622-f4d7-11f0-b9bc-01aa75ed71a1;;http://publications.europa.eu/ontology/cdm#regulation
EU;1f9ee9e9-f27c-11f0-8d3c-01aa75ed71a1;regulation;;2026-01-16;;;https://eur-lex.europa.eu/legal-content/IT/TXT/?uri=CELEX:1f9ee9e9-f27c-11f0-8d3c-01aa75ed71a1;;http://publications.europa.eu/ontology/cdm#regulation
EU;42354201-f66d-11f0-b9bc-01aa75ed71a1;regulation;;2026-01-14;;;https://eur-lex.europa.eu/legal-content/IT/TXT/?uri=CELEX:42354201-f66d-11f0-b9bc-01aa75ed71a1;;http://publications.europa.eu/ontology/cdm#regulation
EU;37a475ba-f020-11f0-8d3c-01aa75ed71a1;regulation;;2026-01-12;;;https://eur-lex.europa.eu/legal-content/IT/TXT/?uri=CELEX:37a475ba-f020-11f0-8d3c-01aa75ed71a1;;http://publications.europa.eu/ontology/cdm#regulation
EU;fa03aa6f-ef58-11f0-8d3c-01aa75ed71a1;regulation;;2026-01-09;;;https://eur-lex.europa.eu/legal-content/IT/TXT/?uri=CELEX:fa03aa6f-ef58-11f0-8d3c-01aa75ed71a1;;http://publications.europa.eu/ontology/cdm#regulation
EU;43ede753-f1b3-11f0-8d3c-01aa75ed71a1;regulation;;2026-01-09;;;https://eur-lex.europa.eu/legal-content/IT/TXT/?uri=CELEX:43ede753-f1b3-11f0-8d3c-01aa75ed71a1;;http://publications.europa.eu/ontology/cdm#regulation
EU;e6769fc9-e530-11f0-8b3a-01aa75ed71a1;regulation;;2025-12-22;;;https://eur-lex.europa.eu/legal-content/IT/TXT/?uri=CELEX:e6769fc9-e530-11f0-8b3a-01aa75ed71a1;;http://publications.europa.eu/ontology/cdm#regulation
EU;72260a6d-df3d-11f0-8439-01aa75ed71a1;regulation;;2025-12-19;;;https://eur-lex.europa.eu/legal-content/IT/TXT/?uri=CELEX:72260a6d-df3d-11f0-8439-01aa75ed71a1;;http://publications.europa.eu/ontology/cdm#regulation
EU;6ca87601-e5eb-11f0-8d3c-01aa75ed71a1;regulation;;2025-12-19;;;https://eur-lex.europa.eu/legal-content/IT/TXT/?uri=CELEX:6ca87601-e5eb-11f0-8d3c-01aa75ed71a1;;http://publications.europa.eu/ontology/cdm#regulation
EU;ce5c480c-dfa4-11f0-8439-01aa75ed71a1;regulation;;2025-12-19;;;https://eur-lex.europa.eu/legal-content/IT/TXT/?uri=CELEX:ce5c480c-dfa4-11f0-8439-01aa75ed71a1;;http://publications.europa.eu/ontology/cdm#regulation
EU;c2f4b3f0-dfa5-11f0-8439-01aa75ed71a1;regulation;;2025-12-18;;;https://eur-lex.europa.eu/legal-content/IT/TXT/?uri=CELEX:c2f4b3f0-dfa5-11f0-8439-01aa75ed71a1;;http://publications.europa.eu/ontology/cdm#regulation
EU;5fd07404-dc01-11f0-8da2-01aa75ed71a1;regulation;;2025-12-18;;;https://eur-lex.europa.eu/legal-content/IT/TXT/?uri=CELEX:5fd07404-dc01-11f0-8da2-01aa75ed71a1;;http://publications.europa.eu/ontology/cdm#regulation
EU;ac45061b-dc7e-11f0-8da2-01aa75ed71a1;regulation;;2025-12-18;;;https://eur-lex.europa.eu/legal-content/IT/TXT/?uri=CELEX:ac45061b-dc7e-11f0-8da2-01aa75ed71a1;;http://publications.europa.eu/ontology/cdm#regulation
EU;199a378b-defb-11f0-8439-01aa75ed71a1;regulation;;2025-12-16;;;https://eur-lex.europa.eu/legal-content/IT/TXT/?uri=CELEX:199a378b-defb-11f0-8439-01aa75ed71a1;;http://publications.europa.eu/ontology/cdm#regulation
EU;e662f0b8-e530-11f0-8b3a-01aa75ed71a1;regulation;;2025-12-16;;;https://eur-lex.europa.eu/legal-content/IT/TXT/?uri=CELEX:e662f0b8-e530-11f0-8b3a-01aa75ed71a1;;http://publications.europa.eu/ontology/cdm#regulation
EU;7a35ec88-e47b-11f0-abd8-01aa75ed71a1;regulation;;2025-12-16;;;https://eur-lex.europa.eu/legal-content/IT/TXT/?uri=CELEX:7a35ec88-e47b-11f0-abd8-01aa75ed71a1;;http://publications.europa.eu/ontology/cdm#regulation
EU;d52ccfeb-e530-11f0-8b3a-01aa75ed71a1;directive;;2025-12-16;;;https://eur-lex.europa.eu/legal-content/IT/TXT/?uri=CELEX:d52ccfeb-e530-11f0-8b3a-01aa75ed71a1;;http://publications.europa.eu/ontology/cdm#directive
EU;78c719f8-dfa4-11f0-8439-01aa75ed71a1;regulation;;2025-12-16;;;https://eur-lex.europa.eu/legal-content/IT/TXT/?uri=CELEX:78c719f8-dfa4-11f0-8439-01aa75ed71a1;;http://publications.europa.eu/ontology/cdm#regulation
EU;fe0c17c1-defe-11f0-8439-01aa75ed71a1;regulation;;2025-12-16;;;https://eur-lex.europa.eu/legal-content/IT/TXT/?uri=CELEX:fe0c17c1-defe-11f0-8439-01aa75ed71a1;;http://publications.europa.eu/ontology/cdm#regulation
EU;65db3dea-0dfd-11f1-8870-01aa75ed71a1;regulation;;2025-12-16;;;https://eur-lex.europa.eu/legal-content/IT/TXT/?uri=CELEX:65db3dea-0dfd-11f1-8870-01aa75ed71a1;;http://publications.europa.eu/ontology/cdm#regulation
EU;f690ab4f-da45-11f0-8da2-01aa75ed71a1;regulation;;2025-12-15;;;https://eur-lex.europa.eu/legal-content/IT/TXT/?uri=CELEX:f690ab4f-da45-11f0-8da2-01aa75ed71a1;;http://publications.europa.eu/ontology/cdm#regulation
EU;4cedc137-defc-11f0-8439-01aa75ed71a1;regulation;;2025-12-12;;;https://eur-lex.europa.eu/legal-content/IT/TXT/?uri=CELEX:4cedc137-defc-11f0-8439-01aa75ed71a1;;http://publications.europa.eu/ontology/cdm#regulation
EU;23898ae0-e531-11f0-8b3a-01aa75ed71a1;regulation;;2025-12-12;;;https://eur-lex.europa.eu/legal-content/IT/TXT/?uri=CELEX:23898ae0-e531-11f0-8b3a-01aa75ed71a1;;http://publications.europa.eu/ontology/cdm#regulation
EU;8b2beaf9-d811-11f0-8da2-01aa75ed71a1;regulation;;2025-12-12;;;https://eur-lex.europa.eu/legal-content/IT/TXT/?uri=CELEX:8b2beaf9-d811-11f0-8da2-01aa75ed71a1;;http://publications.europa.eu/ontology/cdm#regulation
EU;510aab75-d704-11f0-8da2-01aa75ed71a1;regulation;;2025-12-12;;;https://eur-lex.europa.eu/legal-content/IT/TXT/?uri=CELEX:510aab75-d704-11f0-8da2-01aa75ed71a1;;http://publications.europa.eu/ontology/cdm#regulation
EU;f21c09e2-d704-11f0-8da2-01aa75ed71a1;regulation;;2025-12-12;;;https://eur-lex.europa.eu/legal-content/IT/TXT/?uri=CELEX:f21c09e2-d704-11f0-8da2-01aa75ed71a1;;http://publications.europa.eu/ontology/cdm#regulation
EU;d3760136-d4c4-11f0-8da2-01aa75ed71a1;regulation;;2025-12-08;;;https://eur-lex.europa.eu/legal-content/IT/TXT/?uri=CELEX:d3760136-d4c4-11f0-8da2-01aa75ed71a1;;http://publications.europa.eu/ontology/cdm#regulation
EU;674d1335-d403-11f0-8da2-01aa75ed71a1;regulation;;2025-12-05;;;https://eur-lex.europa.eu/legal-content/IT/TXT/?uri=CELEX:674d1335-d403-11f0-8da2-01aa75ed71a1;;http://publications.europa.eu/ontology/cdm#regulation
EU;17716332-d404-11f0-8da2-01aa75ed71a1;regulation;;2025-12-02;;;https://eur-lex.europa.eu/legal-content/IT/TXT/?uri=CELEX:17716332-d404-11f0-8da2-01aa75ed71a1;;http://publications.europa.eu/ontology/cdm#regulation
EU;1fb0c713-cf1f-11f0-8da2-01aa75ed71a1;regulation;;2025-12-01;;;https://eur-lex.europa.eu/legal-content/IT/TXT/?uri=CELEX:1fb0c713-cf1f-11f0-8da2-01aa75ed71a1;;http://publications.europa.eu/ontology/cdm#regulation
EU;b14c4065-d403-11f0-8da2-01aa75ed71a1;regulation;;2025-11-26;;;https://eur-lex.europa.eu/legal-content/IT/TXT/?uri=CELEX:b14c4065-d403-11f0-8da2-01aa75ed71a1;;http://publications.europa.eu/ontology/cdm#regulation
EU;b03c2d60-d704-11f0-8da2-01aa75ed71a1;regulation;;2025-11-26;;;https://eur-lex.europa.eu/legal-content/IT/TXT/?uri=CELEX:b03c2d60-d704-11f0-8da2-01aa75ed71a1;;http://publications.europa.eu/ontology/cdm#regulation
EU;96d99c7a-d704-11f0-8da2-01aa75ed71a1;regulation;;2025-11-26;;;https://eur-lex.europa.eu/legal-content/IT/TXT/?uri=CELEX:96d99c7a-d704-11f0-8da2-01aa75ed71a1;;http://publications.europa.eu/ontology/cdm#regulation
EU;67dde0f8-e47b-11f0-abd8-01aa75ed71a1;regulation;;2025-11-26;;;https://eur-lex.europa.eu/legal-content/IT/TXT/?uri=CELEX:67dde0f8-e47b-11f0-abd8-01aa75ed71a1;;http://publications.europa.eu/ontology/cdm#regulation
EU;f2294563-d703-11f0-8da2-01aa75ed71a1;regulation;;2025-11-26;;;https://eur-lex.europa.eu/legal-content/IT/TXT/?uri=CELEX:f2294563-d703-11f0-8da2-01aa75ed71a1;;http://publications.europa.eu/ontology/cdm#regulation
EU;7e1a587d-d632-11f0-8da2-01aa75ed71a1;directive;;2025-11-26;;;https://eur-lex.europa.eu/legal-content/IT/TXT/?uri=CELEX:7e1a587d-d632-11f0-8da2-01aa75ed71a1;;http://publications.europa.eu/ontology/cdm#directive
EU;855adede-d58f-11f0-8da2-01aa75ed71a1;regulation;;2025-11-26;;;https://eur-lex.europa.eu/legal-content/IT/TXT/?uri=CELEX:855adede-d58f-11f0-8da2-01aa75ed71a1;;http://publications.europa.eu/ontology/cdm#regulation
EU;57d9604b-d704-11f0-8da2-01aa75ed71a1;regulation;;2025-11-26;;;https://eur-lex.europa.eu/legal-content/IT/TXT/?uri=CELEX:57d9604b-d704-11f0-8da2-01aa75ed71a1;;http://publications.europa.eu/ontology/cdm#regulation
EU;a1e20364-d704-11f0-8da2-01aa75ed71a1;directive;;2025-11-26;;;https://eur-lex.europa.eu/legal-content/IT/TXT/?uri=CELEX:a1e20364-d704-11f0-8da2-01aa75ed71a1;;http://publications.europa.eu/ontology/cdm#directive
EU;b6d9c011-d704-11f0-8da2-01aa75ed71a1;regulation;;2025-11-26;;;https://eur-lex.europa.eu/legal-content/IT/TXT/?uri=CELEX:b6d9c011-d704-11f0-8da2-01aa75ed71a1;;http://publications.europa.eu/ontology/cdm#regulation
EU;a36484b8-d704-11f0-8da2-01aa75ed71a1;directive;;2025-11-26;;;https://eur-lex.europa.eu/legal-content/IT/TXT/?uri=CELEX:a36484b8-d704-11f0-8da2-01aa75ed71a1;;http://publications.europa.eu/ontology/cdm#directive
EU;59b2121a-d0b7-11f0-8da2-01aa75ed71a1;directive;;2025-11-26;;;https://eur-lex.europa.eu/legal-content/IT/TXT/?uri=CELEX:59b2121a-d0b7-11f0-8da2-01aa75ed71a1;;http://publications.europa.eu/ontology/cdm#directive
EU;1fba871a-cfea-11f0-8da2-01aa75ed71a1;regulation;;2025-11-26;;;https://eur-lex.europa.eu/legal-content/IT/TXT/?uri=CELEX:1fba871a-cfea-11f0-8da2-01aa75ed71a1;;http://publications.europa.eu/ontology/cdm#regulation
EU;0efc39aa-c92c-11f0-8da2-01aa75ed71a1;regulation;;2025-11-24;;;https://eur-lex.europa.eu/legal-content/IT/TXT/?uri=CELEX:0efc39aa-c92c-11f0-8da2-01aa75ed71a1;;http://publications.europa.eu/ontology/cdm#regulation
EU;b0f046a4-dfa5-11f0-8439-01aa75ed71a1;regulation;;2025-11-17;;;https://eur-lex.europa.eu/legal-content/IT/TXT/?uri=CELEX:b0f046a4-dfa5-11f0-8439-01aa75ed71a1;;http://publications.europa.eu/ontology/cdm#regulation
EU;8c4b8202-c428-11f0-a612-01aa75ed71a1;regulation;;2025-11-13;;;https://eur-lex.europa.eu/legal-content/IT/TXT/?uri=CELEX:8c4b8202-c428-11f0-a612-01aa75ed71a1;;http://publications.europa.eu/ontology/cdm#regulation
EU;8768d7c8-ca68-11f0-8da2-01aa75ed71a1;directive;;2025-11-12;;;https://eur-lex.europa.eu/legal-content/IT/TXT/?uri=CELEX:8768d7c8-ca68-11f0-8da2-01aa75ed71a1;;http://publications.europa.eu/ontology/cdm#directive
EU;7e6393e6-ca68-11f0-8da2-01aa75ed71a1;regulation;;2025-11-12;;;https://eur-lex.europa.eu/legal-content/IT/TXT/?uri=CELEX:7e6393e6-ca68-11f0-8da2-01aa75ed71a1;;http://publications.europa.eu/ontology/cdm#regulation
EU;ab19ca78-c031-11f0-a612-01aa75ed71a1;regulation;;2025-11-12;;;https://eur-lex.europa.eu/legal-content/IT/TXT/?uri=CELEX:ab19ca78-c031-11f0-a612-01aa75ed71a1;;http://publications.europa.eu/ontology/cdm#regulation
EU;96548f7c-c031-11f0-a612-01aa75ed71a1;regulation;;2025-11-12;;;https://eur-lex.europa.eu/legal-content/IT/TXT/?uri=CELEX:96548f7c-c031-11f0-a612-01aa75ed71a1;;http://publications.europa.eu/ontology/cdm#regulation
EU;bb3ee58a-c5b1-11f0-8da2-01aa75ed71a1;regulation;;2025-11-11;;;https://eur-lex.europa.eu/legal-content/IT/TXT/?uri=CELEX:bb3ee58a-c5b1-11f0-8da2-01aa75ed71a1;;http://publications.europa.eu/ontology/cdm#regulation
EU;af7911fb-be9f-11f0-a612-01aa75ed71a1;regulation;;2025-11-07;;;https://eur-lex.europa.eu/legal-content/IT/TXT/?uri=CELEX:af7911fb-be9f-11f0-a612-01aa75ed71a1;;http://publications.europa.eu/ontology/cdm#regulation
EU;e9ad2dff-bf68-11f0-a612-01aa75ed71a1;regulation;;2025-11-07;;;https://eur-lex.europa.eu/legal-content/IT/TXT/?uri=CELEX:e9ad2dff-bf68-11f0-a612-01aa75ed71a1;;http://publications.europa.eu/ontology/cdm#regulation
EU;27593212-bab1-11f0-b37f-01aa75ed71a1;regulation;;2025-11-05;;;https://eur-lex.europa.eu/legal-content/IT/TXT/?uri=CELEX:27593212-bab1-11f0-b37f-01aa75ed71a1;;http://publications.europa.eu/ontology/cdm#regulation
EU;016470d2-bab2-11f0-b37f-01aa75ed71a1;regulation;;2025-11-05;;;https://eur-lex.europa.eu/legal-content/IT/TXT/?uri=CELEX:016470d2-bab2-11f0-b37f-01aa75ed71a1;;http://publications.europa.eu/ontology/cdm#regulation
EU;bb16b2e1-bab1-11f0-b37f-01aa75ed71a1;regulation;;2025-11-05;;;https://eur-lex.europa.eu/legal-content/IT/TXT/?uri=CELEX:bb16b2e1-bab1-11f0-b37f-01aa75ed71a1;;http://publications.europa.eu/ontology/cdm#regulation
EU;d1de43f6-bdda-11f0-bfd0-01aa75ed71a1;regulation;;2025-11-04;;;https://eur-lex.europa.eu/legal-content/IT/TXT/?uri=CELEX:d1de43f6-bdda-11f0-bfd0-01aa75ed71a1;;http://publications.europa.eu/ontology/cdm#regulation
EU;c21a018b-b9ec-11f0-b37f-01aa75ed71a1;regulation;;2025-11-04;;;https://eur-lex.europa.eu/legal-content/IT/TXT/?uri=CELEX:c21a018b-b9ec-11f0-b37f-01aa75ed71a1;;http://publications.europa.eu/ontology/cdm#regulation
EU;f1c6070c-b9ed-11f0-b37f-01aa75ed71a1;regulation;;2025-11-04;;;https://eur-lex.europa.eu/legal-content/IT/TXT/?uri=CELEX:f1c6070c-b9ed-11f0-b37f-01aa75ed71a1;;http://publications.europa.eu/ontology/cdm#regulation
EU;e5f8d460-b531-11f0-b37f-01aa75ed71a1;regulation;;2025-10-29;;;https://eur-lex.europa.eu/legal-content/IT/TXT/?uri=CELEX:e5f8d460-b531-11f0-b37f-01aa75ed71a1;;http://publications.europa.eu/ontology/cdm#regulation
EU;784dd911-afe3-11f0-b37f-01aa75ed71a1;regulation;;2025-10-23;;;https://eur-lex.europa.eu/legal-content/IT/TXT/?uri=CELEX:784dd911-afe3-11f0-b37f-01aa75ed71a1;;http://publications.europa.eu/ontology/cdm#regulation
EU;e8e9dc96-afe4-11f0-b37f-01aa75ed71a1;regulation;;2025-10-23;;;https://eur-lex.europa.eu/legal-content/IT/TXT/?uri=CELEX:e8e9dc96-afe4-11f0-b37f-01aa75ed71a1;;http://publications.europa.eu/ontology/cdm#regulation
EU;4d4fd51a-afee-11f0-b37f-01aa75ed71a1;regulation;;2025-10-23;;;https://eur-lex.europa.eu/legal-content/IT/TXT/?uri=CELEX:4d4fd51a-afee-11f0-b37f-01aa75ed71a1;;http://publications.europa.eu/ontology/cdm#regulation
EU;54742b52-afeb-11f0-b37f-01aa75ed71a1;regulation;;2025-10-23;;;https://eur-lex.europa.eu/legal-content/IT/TXT/?uri=CELEX:54742b52-afeb-11f0-b37f-01aa75ed71a1;;http://publications.europa.eu/ontology/cdm#regulation
EU;5ae85a87-b9ed-11f0-b37f-01aa75ed71a1;directive;;2025-10-22;;;https://eur-lex.europa.eu/legal-content/IT/TXT/?uri=CELEX:5ae85a87-b9ed-11f0-b37f-01aa75ed71a1;;http://publications.europa.eu/ontology/cdm#directive
EU;6e3aa491-b9ed-11f0-b37f-01aa75ed71a1;directive;;2025-10-22;;;https://eur-lex.europa.eu/legal-content/IT/TXT/?uri=CELEX:6e3aa491-b9ed-11f0-b37f-01aa75ed71a1;;http://publications.europa.eu/ontology/cdm#directive
EU;1a42b944-ad4e-11f0-89c6-01aa75ed71a1;regulation;;2025-10-17;;;https://eur-lex.europa.eu/legal-content/IT/TXT/?uri=CELEX:1a42b944-ad4e-11f0-89c6-01aa75ed71a1;;http://publications.europa.eu/ontology/cdm#regulation
EU;0e04fba9-a95f-11f0-89c6-01aa75ed71a1;regulation;;2025-10-14;;;https://eur-lex.europa.eu/legal-content/IT/TXT/?uri=CELEX:0e04fba9-a95f-11f0-89c6-01aa75ed71a1;;http://publications.europa.eu/ontology/cdm#regulation
EU;55a8d3b3-a95f-11f0-89c6-01aa75ed71a1;regulation;;2025-10-14;;;https://eur-lex.europa.eu/legal-content/IT/TXT/?uri=CELEX:55a8d3b3-a95f-11f0-89c6-01aa75ed71a1;;http://publications.europa.eu/ontology/cdm#regulation
EU;cf6b12df-c8d7-11f0-8da2-01aa75ed71a1;regulation;;2025-10-13;;;https://eur-lex.europa.eu/legal-content/IT/TXT/?uri=CELEX:cf6b12df-c8d7-11f0-8da2-01aa75ed71a1;;http://publications.europa.eu/ontology/cdm#regulation
EU;0f60058d-ae16-11f0-89c6-01aa75ed71a1;regulation;;2025-10-08;;;https://eur-lex.europa.eu/legal-content/IT/TXT/?uri=CELEX:0f60058d-ae16-11f0-89c6-01aa75ed71a1;;http://publications.europa.eu/ontology/cdm#regulation
EU;327e049f-a898-11f0-a7c5-01aa75ed71a1;regulation;;2025-10-08;;;https://eur-lex.europa.eu/legal-content/IT/TXT/?uri=CELEX:327e049f-a898-11f0-a7c5-01aa75ed71a1;;http://publications.europa.eu/ontology/cdm#regulation
EU;7ebc0843-a8be-11f0-a7c5-01aa75ed71a1;regulation;;2025-10-08;;;https://eur-lex.europa.eu/legal-content/IT/TXT/?uri=CELEX:7ebc0843-a8be-11f0-a7c5-01aa75ed71a1;;http://publications.europa.eu/ontology/cdm#regulation
EU;b2fdc15b-aaf1-11f0-89c6-01aa75ed71a1;regulation;;2025-10-08;;;https://eur-lex.europa.eu/legal-content/IT/TXT/?uri=CELEX:b2fdc15b-aaf1-11f0-89c6-01aa75ed71a1;;http://publications.europa.eu/ontology/cdm#regulation
EU;9e9e9b38-aaf1-11f0-89c6-01aa75ed71a1;regulation;;2025-10-08;;;https://eur-lex.europa.eu/legal-content/IT/TXT/?uri=CELEX:9e9e9b38-aaf1-11f0-89c6-01aa75ed71a1;;http://publications.europa.eu/ontology/cdm#regulation
EU;58e1b799-a95f-11f0-89c6-01aa75ed71a1;regulation;;2025-10-08;;;https://eur-lex.europa.eu/legal-content/IT/TXT/?uri=CELEX:58e1b799-a95f-11f0-89c6-01aa75ed71a1;;http://publications.europa.eu/ontology/cdm#regulation
EU;c5cec9d0-a4a8-11f0-a7c5-01aa75ed71a1;regulation;;2025-10-08;;;https://eur-lex.europa.eu/legal-content/IT/TXT/?uri=CELEX:c5cec9d0-a4a8-11f0-a7c5-01aa75ed71a1;;http://publications.europa.eu/ontology/cdm#regulation
EU;a691fdb8-9ff3-11f0-97c8-01aa75ed71a1;regulation;;2025-10-02;;;https://eur-lex.europa.eu/legal-content/IT/TXT/?uri=CELEX:a691fdb8-9ff3-11f0-97c8-01aa75ed71a1;;http://publications.europa.eu/ontology/cdm#regulation
EU;03dfcb72-9ff4-11f0-97c8-01aa75ed71a1;regulation;;2025-10-02;;;https://eur-lex.europa.eu/legal-content/IT/TXT/?uri=CELEX:03dfcb72-9ff4-11f0-97c8-01aa75ed71a1;;http://publications.europa.eu/ontology/cdm#regulation
EU;3882a080-9d98-11f0-97c8-01aa75ed71a1;regulation;;2025-09-29;;;https://eur-lex.europa.eu/legal-content/IT/TXT/?uri=CELEX:3882a080-9d98-11f0-97c8-01aa75ed71a1;;http://publications.europa.eu/ontology/cdm#regulation
EU;b131bd5c-bab1-11f0-b37f-01aa75ed71a1;regulation;;2025-09-29;;;https://eur-lex.europa.eu/legal-content/IT/TXT/?uri=CELEX:b131bd5c-bab1-11f0-b37f-01aa75ed71a1;;http://publications.europa.eu/ontology/cdm#regulation
EU;3cf21ec0-9d20-11f0-97c8-01aa75ed71a1;regulation;;2025-09-29;;;https://eur-lex.europa.eu/legal-content/IT/TXT/?uri=CELEX:3cf21ec0-9d20-11f0-97c8-01aa75ed71a1;;http://publications.europa.eu/ontology/cdm#regulation
EU;3e20e39e-9a71-11f0-97c8-01aa75ed71a1;regulation;;2025-09-26;;;https://eur-lex.europa.eu/legal-content/IT/TXT/?uri=CELEX:3e20e39e-9a71-11f0-97c8-01aa75ed71a1;;http://publications.europa.eu/ontology/cdm#regulation
EU;df10f38a-9a70-11f0-97c8-01aa75ed71a1;regulation;;2025-09-26;;;https://eur-lex.europa.eu/legal-content/IT/TXT/?uri=CELEX:df10f38a-9a70-11f0-97c8-01aa75ed71a1;;http://publications.europa.eu/ontology/cdm#regulation
EU;7d31255a-9a71-11f0-97c8-01aa75ed71a1;regulation;;2025-09-26;;;https://eur-lex.europa.eu/legal-content/IT/TXT/?uri=CELEX:7d31255a-9a71-11f0-97c8-01aa75ed71a1;;http://publications.europa.eu/ontology/cdm#regulation
EU;14ea2118-94f2-11f0-97c8-01aa75ed71a1;regulation;;2025-09-18;;;https://eur-lex.europa.eu/legal-content/IT/TXT/?uri=CELEX:14ea2118-94f2-11f0-97c8-01aa75ed71a1;;http://publications.europa.eu/ontology/cdm#regulation
EU;7dcc3732-94f1-11f0-97c8-01aa75ed71a1;regulation;;2025-09-18;;;https://eur-lex.europa.eu/legal-content/IT/TXT/?uri=CELEX:7dcc3732-94f1-11f0-97c8-01aa75ed71a1;;http://publications.europa.eu/ontology/cdm#regulation
EU;2b6495bc-9816-11f0-97c8-01aa75ed71a1;regulation;;2025-09-18;;;https://eur-lex.europa.eu/legal-content/IT/TXT/?uri=CELEX:2b6495bc-9816-11f0-97c8-01aa75ed71a1;;http://publications.europa.eu/ontology/cdm#regulation
EU;a8e1efe2-9427-11f0-97c8-01aa75ed71a1;regulation;;2025-09-17;;;https://eur-lex.europa.eu/legal-content/IT/TXT/?uri=CELEX:a8e1efe2-9427-11f0-97c8-01aa75ed71a1;;http://publications.europa.eu/ontology/cdm#regulation
EU;86745ca1-9a71-11f0-97c8-01aa75ed71a1;directive;;2025-09-10;;;https://eur-lex.europa.eu/legal-content/IT/TXT/?uri=CELEX:86745ca1-9a71-11f0-97c8-01aa75ed71a1;;http://publications.europa.eu/ontology/cdm#directive
EU;9f986489-aaf1-11f0-89c6-01aa75ed71a1;regulation;;2025-09-09;;;https://eur-lex.europa.eu/legal-content/IT/TXT/?uri=CELEX:9f986489-aaf1-11f0-89c6-01aa75ed71a1;;http://publications.europa.eu/ontology/cdm#regulation
EU;ca80248a-892b-11f0-9af8-01aa75ed71a1;regulation;;2025-08-29;;;https://eur-lex.europa.eu/legal-content/IT/TXT/?uri=CELEX:ca80248a-892b-11f0-9af8-01aa75ed71a1;;http://publications.europa.eu/ontology/cdm#regulation
EU;b2d61a1c-892b-11f0-9af8-01aa75ed71a1;regulation;;2025-08-29;;;https://eur-lex.europa.eu/legal-content/IT/TXT/?uri=CELEX:b2d61a1c-892b-11f0-9af8-01aa75ed71a1;;http://publications.europa.eu/ontology/cdm#regulation
EU;d607a5cf-764d-11f0-9af8-01aa75ed71a1;regulation;;2025-08-08;;;https://eur-lex.europa.eu/legal-content/IT/TXT/?uri=CELEX:d607a5cf-764d-11f0-9af8-01aa75ed71a1;;http://publications.europa.eu/ontology/cdm#regulation
EU;b068b180-7359-11f0-bf4e-01aa75ed71a1;regulation;;2025-08-07;;;https://eur-lex.europa.eu/legal-content/IT/TXT/?uri=CELEX:b068b180-7359-11f0-bf4e-01aa75ed71a1;;http://publications.europa.eu/ontology/cdm#regulation
EU;4d0354c1-741e-11f0-9af8-01aa75ed71a1;regulation;;2025-07-31;;;https://eur-lex.europa.eu/legal-content/IT/TXT/?uri=CELEX:4d0354c1-741e-11f0-9af8-01aa75ed71a1;;http://publications.europa.eu/ontology/cdm#regulation
EU;f6541b15-6c17-11f0-bf4e-01aa75ed71a1;regulation;;2025-07-29;;;https://eur-lex.europa.eu/legal-content/IT/TXT/?uri=CELEX:f6541b15-6c17-11f0-bf4e-01aa75ed71a1;;http://publications.europa.eu/ontology/cdm#regulation
EU;46fa24e2-6438-11f0-bf4e-01aa75ed71a1;regulation;;2025-07-18;;;https://eur-lex.europa.eu/legal-content/IT/TXT/?uri=CELEX:46fa24e2-6438-11f0-bf4e-01aa75ed71a1;;http://publications.europa.eu/ontology/cdm#regulation
EU;fe1163e4-6cdd-11f0-bf4e-01aa75ed71a1;regulation;;2025-07-18;;;https://eur-lex.europa.eu/legal-content/IT/TXT/?uri=CELEX:fe1163e4-6cdd-11f0-bf4e-01aa75ed71a1;;http://publications.europa.eu/ontology/cdm#regulation
EU;b3fadcf4-68ef-11f0-bf4e-01aa75ed71a1;directive;;2025-07-18;;;https://eur-lex.europa.eu/legal-content/IT/TXT/?uri=CELEX:b3fadcf4-68ef-11f0-bf4e-01aa75ed71a1;;http://publications.europa.eu/ontology/cdm#directive
EU;0b155b4e-65cf-11f0-bf4e-01aa75ed71a1;directive;;2025-07-18;;;https://eur-lex.europa.eu/legal-content/IT/TXT/?uri=CELEX:0b155b4e-65cf-11f0-bf4e-01aa75ed71a1;;http://publications.europa.eu/ontology/cdm#directive
EU;5ef6fe9a-675d-11f0-bf4e-01aa75ed71a1;regulation;;2025-07-18;;;https://eur-lex.europa.eu/legal-content/IT/TXT/?uri=CELEX:5ef6fe9a-675d-11f0-bf4e-01aa75ed71a1;;http://publications.europa.eu/ontology/cdm#regulation
EU;9a1fd9d2-8dde-11f0-bfe2-01aa75ed71a1;regulation;;2025-07-18;;;https://eur-lex.europa.eu/legal-content/IT/TXT/?uri=CELEX:9a1fd9d2-8dde-11f0-bfe2-01aa75ed71a1;;http://publications.europa.eu/ontology/cdm#regulation
EU;8e9a2c55-6438-11f0-bf4e-01aa75ed71a1;regulation;;2025-07-18;;;https://eur-lex.europa.eu/legal-content/IT/TXT/?uri=CELEX:8e9a2c55-6438-11f0-bf4e-01aa75ed71a1;;http://publications.europa.eu/ontology/cdm#regulation
EU;187f2644-61e0-11f0-bf4e-01aa75ed71a1;regulation;;2025-07-15;;;https://eur-lex.europa.eu/legal-content/IT/TXT/?uri=CELEX:187f2644-61e0-11f0-bf4e-01aa75ed71a1;;http://publications.europa.eu/ontology/cdm#regulation
EU;271417bc-6b4c-11f0-bf4e-01aa75ed71a1;regulation;;2025-07-15;;;https://eur-lex.europa.eu/legal-content/IT/TXT/?uri=CELEX:271417bc-6b4c-11f0-bf4e-01aa75ed71a1;;http://publications.europa.eu/ontology/cdm#regulation
EU;df39a858-5def-11f0-a9d0-01aa75ed71a1;regulation;;2025-07-11;;;https://eur-lex.europa.eu/legal-content/IT/TXT/?uri=CELEX:df39a858-5def-11f0-a9d0-01aa75ed71a1;;http://publications.europa.eu/ontology/cdm#regulation
EU;de54c697-5def-11f0-a9d0-01aa75ed71a1;regulation;;2025-07-10;;;https://eur-lex.europa.eu/legal-content/IT/TXT/?uri=CELEX:de54c697-5def-11f0-a9d0-01aa75ed71a1;;http://publications.europa.eu/ontology/cdm#regulation
EU;e3a7f184-5d26-11f0-a9d0-01aa75ed71a1;regulation;;2025-07-09;;;https://eur-lex.europa.eu/legal-content/IT/TXT/?uri=CELEX:e3a7f184-5d26-11f0-a9d0-01aa75ed71a1;;http://publications.europa.eu/ontology/cdm#regulation
EU;7b338680-5d26-11f0-a9d0-01aa75ed71a1;regulation;;2025-07-08;;;https://eur-lex.europa.eu/legal-content/IT/TXT/?uri=CELEX:7b338680-5d26-11f0-a9d0-01aa75ed71a1;;http://publications.europa.eu/ontology/cdm#regulation
EU;99ec4111-6051-11f0-a9d0-01aa75ed71a1;regulation;;2025-07-08;;;https://eur-lex.europa.eu/legal-content/IT/TXT/?uri=CELEX:99ec4111-6051-11f0-a9d0-01aa75ed71a1;;http://publications.europa.eu/ontology/cdm#regulation
EU;94e776cb-6051-11f0-a9d0-01aa75ed71a1;regulation;;2025-07-08;;;https://eur-lex.europa.eu/legal-content/IT/TXT/?uri=CELEX:94e776cb-6051-11f0-a9d0-01aa75ed71a1;;http://publications.europa.eu/ontology/cdm#regulation
EU;98dd4210-6051-11f0-a9d0-01aa75ed71a1;regulation;;2025-07-02;;;https://eur-lex.europa.eu/legal-content/IT/TXT/?uri=CELEX:98dd4210-6051-11f0-a9d0-01aa75ed71a1;;http://publications.europa.eu/ontology/cdm#regulation
EU;6a0ec414-57a8-11f0-a9d0-01aa75ed71a1;regulation;;2025-07-02;;;https://eur-lex.europa.eu/legal-content/IT/TXT/?uri=CELEX:6a0ec414-57a8-11f0-a9d0-01aa75ed71a1;;http://publications.europa.eu/ontology/cdm#regulation
EU;fafd5977-5613-11f0-a9d0-01aa75ed71a1;regulation;;2025-06-30;;;https://eur-lex.europa.eu/legal-content/IT/TXT/?uri=CELEX:fafd5977-5613-11f0-a9d0-01aa75ed71a1;;http://publications.europa.eu/ontology/cdm#regulation
EU;b75ec9fc-57a8-11f0-a9d0-01aa75ed71a1;regulation;;2025-06-26;;;https://eur-lex.europa.eu/legal-content/IT/TXT/?uri=CELEX:b75ec9fc-57a8-11f0-a9d0-01aa75ed71a1;;http://publications.europa.eu/ontology/cdm#regulation
EU;3504575e-8c4e-11f0-bfe2-01aa75ed71a1;directive;;2025-06-24;;;https://eur-lex.europa.eu/legal-content/IT/TXT/?uri=CELEX:3504575e-8c4e-11f0-bfe2-01aa75ed71a1;;http://publications.europa.eu/ontology/cdm#directive
EU;0b440128-52f0-11f0-a9d0-01aa75ed71a1;regulation;;2025-06-24;;;https://eur-lex.europa.eu/legal-content/IT/TXT/?uri=CELEX:0b440128-52f0-11f0-a9d0-01aa75ed71a1;;http://publications.europa.eu/ontology/cdm#regulation
EU;d62a4b30-6da6-11f0-bf4e-01aa75ed71a1;regulation;;2025-06-24;;;https://eur-lex.europa.eu/legal-content/IT/TXT/?uri=CELEX:d62a4b30-6da6-11f0-bf4e-01aa75ed71a1;;http://publications.europa.eu/ontology/cdm#regulation
EU;406eb2c3-554b-11f0-a9d0-01aa75ed71a1;regulation;;2025-06-23;;;https://eur-lex.europa.eu/legal-content/IT/TXT/?uri=CELEX:406eb2c3-554b-11f0-a9d0-01aa75ed71a1;;http://publications.europa.eu/ontology/cdm#regulation
EU;c5f47656-57a8-11f0-a9d0-01aa75ed71a1;regulation;;2025-06-23;;;https://eur-lex.europa.eu/legal-content/IT/TXT/?uri=CELEX:c5f47656-57a8-11f0-a9d0-01aa75ed71a1;;http://publications.europa.eu/ontology/cdm#regulation
EU;c244bd2f-554e-11f0-a9d0-01aa75ed71a1;regulation;;2025-06-23;;;https://eur-lex.europa.eu/legal-content/IT/TXT/?uri=CELEX:c244bd2f-554e-11f0-a9d0-01aa75ed71a1;;http://publications.europa.eu/ontology/cdm#regulation
EU;b8be9e46-5093-11f0-a9d0-01aa75ed71a1;directive;;2025-06-17;;;https://eur-lex.europa.eu/legal-content/IT/TXT/?uri=CELEX:b8be9e46-5093-11f0-a9d0-01aa75ed71a1;;http://publications.europa.eu/ontology/cdm#directive
EU;d7de646f-4d6f-11f0-a9d0-01aa75ed71a1;regulation;;2025-06-17;;;https://eur-lex.europa.eu/legal-content/IT/TXT/?uri=CELEX:d7de646f-4d6f-11f0-a9d0-01aa75ed71a1;;http://publications.europa.eu/ontology/cdm#regulation
EU;a06b8b28-4ca6-11f0-a9d0-01aa75ed71a1;regulation;;2025-06-17;;;https://eur-lex.europa.eu/legal-content/IT/TXT/?uri=CELEX:a06b8b28-4ca6-11f0-a9d0-01aa75ed71a1;;http://publications.europa.eu/ontology/cdm#regulation
EU;ea4be9ed-515c-11f0-a9d0-01aa75ed71a1;regulation;;2025-06-17;;;https://eur-lex.europa.eu/legal-content/IT/TXT/?uri=CELEX:ea4be9ed-515c-11f0-a9d0-01aa75ed71a1;;http://publications.europa.eu/ontology/cdm#regulation
EU;bf6606f2-4a4c-11f0-85ba-01aa75ed71a1;regulation;;2025-06-13;;;https://eur-lex.europa.eu/legal-content/IT/TXT/?uri=CELEX:bf6606f2-4a4c-11f0-85ba-01aa75ed71a1;;http://publications.europa.eu/ontology/cdm#regulation
EU;bbd2cf0e-4a4c-11f0-85ba-01aa75ed71a1;regulation;;2025-06-13;;;https://eur-lex.europa.eu/legal-content/IT/TXT/?uri=CELEX:bbd2cf0e-4a4c-11f0-85ba-01aa75ed71a1;;http://publications.europa.eu/ontology/cdm#regulation
EU;2f6f899a-4d70-11f0-a9d0-01aa75ed71a1;regulation;;2025-06-12;;;https://eur-lex.europa.eu/legal-content/IT/TXT/?uri=CELEX:2f6f899a-4d70-11f0-a9d0-01aa75ed71a1;;http://publications.europa.eu/ontology/cdm#regulation
EU;c81470bc-4725-11f0-85ba-01aa75ed71a1;regulation;;2025-06-11;;;https://eur-lex.europa.eu/legal-content/IT/TXT/?uri=CELEX:c81470bc-4725-11f0-85ba-01aa75ed71a1;;http://publications.europa.eu/ontology/cdm#regulation
EU;69845b66-41f5-11f0-b9f2-01aa75ed71a1;regulation;;2025-06-05;;;https://eur-lex.europa.eu/legal-content/IT/TXT/?uri=CELEX:69845b66-41f5-11f0-b9f2-01aa75ed71a1;;http://publications.europa.eu/ontology/cdm#regulation
EU;3c49357e-41a7-11f0-b9f2-01aa75ed71a1;regulation;;2025-06-04;;;https://eur-lex.europa.eu/legal-content/IT/TXT/?uri=CELEX:3c49357e-41a7-11f0-b9f2-01aa75ed71a1;;http://publications.europa.eu/ontology/cdm#regulation
EU;34433d7b-40dc-11f0-b9f2-01aa75ed71a1;regulation;;2025-06-03;;;https://eur-lex.europa.eu/legal-content/IT/TXT/?uri=CELEX:34433d7b-40dc-11f0-b9f2-01aa75ed71a1;;http://publications.europa.eu/ontology/cdm#regulation
EU;8e598e4c-4015-11f0-b9f2-01aa75ed71a1;regulation;;2025-06-02;;;https://eur-lex.europa.eu/legal-content/IT/TXT/?uri=CELEX:8e598e4c-4015-11f0-b9f2-01aa75ed71a1;;http://publications.europa.eu/ontology/cdm#regulation
EU;1445e3da-3b5c-11f0-8a44-01aa75ed71a1;regulation;;2025-05-27;;;https://eur-lex.europa.eu/legal-content/IT/TXT/?uri=CELEX:1445e3da-3b5c-11f0-8a44-01aa75ed71a1;;http://publications.europa.eu/ontology/cdm#regulation
EU;1a33d5a0-3b5c-11f0-8a44-01aa75ed71a1;regulation;;2025-05-27;;;https://eur-lex.europa.eu/legal-content/IT/TXT/?uri=CELEX:1a33d5a0-3b5c-11f0-8a44-01aa75ed71a1;;http://publications.europa.eu/ontology/cdm#regulation
EU;1865301e-3b5c-11f0-8a44-01aa75ed71a1;regulation;;2025-05-27;;;https://eur-lex.europa.eu/legal-content/IT/TXT/?uri=CELEX:1865301e-3b5c-11f0-8a44-01aa75ed71a1;;http://publications.europa.eu/ontology/cdm#regulation
EU;8abe91ad-4a4c-11f0-85ba-01aa75ed71a1;regulation;;2025-05-26;;;https://eur-lex.europa.eu/legal-content/IT/TXT/?uri=CELEX:8abe91ad-4a4c-11f0-85ba-01aa75ed71a1;;http://publications.europa.eu/ontology/cdm#regulation
EU;15814a0c-3b5c-11f0-8a44-01aa75ed71a1;regulation;;2025-05-23;;;https://eur-lex.europa.eu/legal-content/IT/TXT/?uri=CELEX:15814a0c-3b5c-11f0-8a44-01aa75ed71a1;;http://publications.europa.eu/ontology/cdm#regulation
EU;b9e825f5-cf1f-11f0-8da2-01aa75ed71a1;regulation;;2025-05-22;;;https://eur-lex.europa.eu/legal-content/IT/TXT/?uri=CELEX:b9e825f5-cf1f-11f0-8da2-01aa75ed71a1;;http://publications.europa.eu/ontology/cdm#regulation
EU;c9502d0a-35db-11f0-8a44-01aa75ed71a1;regulation;;2025-05-21;;;https://eur-lex.europa.eu/legal-content/IT/TXT/?uri=CELEX:c9502d0a-35db-11f0-8a44-01aa75ed71a1;;http://publications.europa.eu/ontology/cdm#regulation
EU;78e50aff-3569-11f0-8a44-01aa75ed71a1;regulation;;2025-05-20;;;https://eur-lex.europa.eu/legal-content/IT/TXT/?uri=CELEX:78e50aff-3569-11f0-8a44-01aa75ed71a1;;http://publications.europa.eu/ontology/cdm#regulation
EU;32feecb1-3562-11f0-8a44-01aa75ed71a1;regulation;;2025-05-20;;;https://eur-lex.europa.eu/legal-content/IT/TXT/?uri=CELEX:32feecb1-3562-11f0-8a44-01aa75ed71a1;;http://publications.europa.eu/ontology/cdm#regulation
EU;3096acf4-3060-11f0-8a44-01aa75ed71a1;regulation;;2025-05-13;;;https://eur-lex.europa.eu/legal-content/IT/TXT/?uri=CELEX:3096acf4-3060-11f0-8a44-01aa75ed71a1;;http://publications.europa.eu/ontology/cdm#regulation
EU;655b05cf-2f92-11f0-8a44-01aa75ed71a1;regulation;;2025-05-12;;;https://eur-lex.europa.eu/legal-content/IT/TXT/?uri=CELEX:655b05cf-2f92-11f0-8a44-01aa75ed71a1;;http://publications.europa.eu/ontology/cdm#regulation
EU;736bb80a-1124-11f1-8870-01aa75ed71a1;regulation;;2025-05-08;;;https://eur-lex.europa.eu/legal-content/IT/TXT/?uri=CELEX:736bb80a-1124-11f1-8870-01aa75ed71a1;;http://publications.europa.eu/ontology/cdm#regulation
EU;5095313b-1126-11f1-8870-01aa75ed71a1;regulation;;2025-05-08;;;https://eur-lex.europa.eu/legal-content/IT/TXT/?uri=CELEX:5095313b-1126-11f1-8870-01aa75ed71a1;;http://publications.europa.eu/ontology/cdm#regulation
EU;40f23863-344c-11f0-8a44-01aa75ed71a1;regulation;;2025-05-07;;;https://eur-lex.europa.eu/legal-content/IT/TXT/?uri=CELEX:40f23863-344c-11f0-8a44-01aa75ed71a1;;http://publications.europa.eu/ontology/cdm#regulation
EU;c013506c-3512-11f0-8a44-01aa75ed71a1;regulation;;2025-05-07;;;https://eur-lex.europa.eu/legal-content/IT/TXT/?uri=CELEX:c013506c-3512-11f0-8a44-01aa75ed71a1;;http://publications.europa.eu/ontology/cdm#regulation
EU;f2d158cc-344c-11f0-8a44-01aa75ed71a1;regulation;;2025-05-07;;;https://eur-lex.europa.eu/legal-content/IT/TXT/?uri=CELEX:f2d158cc-344c-11f0-8a44-01aa75ed71a1;;http://publications.europa.eu/ontology/cdm#regulation
EU;d841fc19-255b-11f0-ac85-01aa75ed71a1;regulation;;2025-04-30;;;https://eur-lex.europa.eu/legal-content/IT/TXT/?uri=CELEX:d841fc19-255b-11f0-ac85-01aa75ed71a1;;http://publications.europa.eu/ontology/cdm#regulation
EU;bed4267f-56e1-11f0-a9d0-01aa75ed71a1;regulation;;2025-04-25;;;https://eur-lex.europa.eu/legal-content/IT/TXT/?uri=CELEX:bed4267f-56e1-11f0-a9d0-01aa75ed71a1;;http://publications.europa.eu/ontology/cdm#regulation
EU;751c4535-23cd-11f0-ac85-01aa75ed71a1;regulation;;2025-04-25;;;https://eur-lex.europa.eu/legal-content/IT/TXT/?uri=CELEX:751c4535-23cd-11f0-ac85-01aa75ed71a1;;http://publications.europa.eu/ontology/cdm#regulation
EU;fde19f94-20a5-11f0-af23-01aa75ed71a1;regulation;;2025-04-15;;;https://eur-lex.europa.eu/legal-content/IT/TXT/?uri=CELEX:fde19f94-20a5-11f0-af23-01aa75ed71a1;;http://publications.europa.eu/ontology/cdm#regulation
EU;8a789948-1a5f-11f0-b1a3-01aa75ed71a1;directive;;2025-04-14;;;https://eur-lex.europa.eu/legal-content/IT/TXT/?uri=CELEX:8a789948-1a5f-11f0-b1a3-01aa75ed71a1;;http://publications.europa.eu/ontology/cdm#directive
EU;da4ea701-2a16-11f0-8a44-01aa75ed71a1;directive;;2025-04-14;;;https://eur-lex.europa.eu/legal-content/IT/TXT/?uri=CELEX:da4ea701-2a16-11f0-8a44-01aa75ed71a1;;http://publications.europa.eu/ontology/cdm#directive
EU;184af345-1f13-11f0-b1a3-01aa75ed71a1;regulation;;2025-04-14;;;https://eur-lex.europa.eu/legal-content/IT/TXT/?uri=CELEX:184af345-1f13-11f0-b1a3-01aa75ed71a1;;http://publications.europa.eu/ontology/cdm#regulation
EU;9260415b-1348-11f0-b1a3-01aa75ed71a1;regulation;;2025-04-04;;;https://eur-lex.europa.eu/legal-content/IT/TXT/?uri=CELEX:9260415b-1348-11f0-b1a3-01aa75ed71a1;;http://publications.europa.eu/ontology/cdm#regulation
EU;e89429ac-14dc-11f0-b1a3-01aa75ed71a1;regulation;;2025-04-04;;;https://eur-lex.europa.eu/legal-content/IT/TXT/?uri=CELEX:e89429ac-14dc-11f0-b1a3-01aa75ed71a1;;http://publications.europa.eu/ontology/cdm#regulation
EU;11dec92b-1026-11f0-b1a3-01aa75ed71a1;regulation;;2025-04-02;;;https://eur-lex.europa.eu/legal-content/IT/TXT/?uri=CELEX:11dec92b-1026-11f0-b1a3-01aa75ed71a1;;http://publications.europa.eu/ontology/cdm#regulation
EU;18403d43-1026-11f0-b1a3-01aa75ed71a1;regulation;;2025-04-02;;;https://eur-lex.europa.eu/legal-content/IT/TXT/?uri=CELEX:18403d43-1026-11f0-b1a3-01aa75ed71a1;;http://publications.europa.eu/ontology/cdm#regulation
EU;b4bfccd9-8d1a-11f0-bfe2-01aa75ed71a1;regulation;;2025-04-01;;;https://eur-lex.europa.eu/legal-content/IT/TXT/?uri=CELEX:b4bfccd9-8d1a-11f0-bfe2-01aa75ed71a1;;http://publications.europa.eu/ontology/cdm#regulation
EU;ba6c48cd-8d1a-11f0-bfe2-01aa75ed71a1;regulation;;2025-04-01;;;https://eur-lex.europa.eu/legal-content/IT/TXT/?uri=CELEX:ba6c48cd-8d1a-11f0-bfe2-01aa75ed71a1;;http://publications.europa.eu/ontology/cdm#regulation
EU;132ef35b-0f5b-11f0-b1a3-01aa75ed71a1;regulation;;2025-04-01;;;https://eur-lex.europa.eu/legal-content/IT/TXT/?uri=CELEX:132ef35b-0f5b-11f0-b1a3-01aa75ed71a1;;http://publications.europa.eu/ontology/cdm#regulation
EU;6b7bc6b0-0f8b-11f0-b1a3-01aa75ed71a1;regulation;;2025-04-01;;;https://eur-lex.europa.eu/legal-content/IT/TXT/?uri=CELEX:6b7bc6b0-0f8b-11f0-b1a3-01aa75ed71a1;;http://publications.europa.eu/ontology/cdm#regulation
EU;77ba9a3b-0e91-11f0-b1a3-01aa75ed71a1;regulation;;2025-03-31;;;https://eur-lex.europa.eu/legal-content/IT/TXT/?uri=CELEX:77ba9a3b-0e91-11f0-b1a3-01aa75ed71a1;;http://publications.europa.eu/ontology/cdm#regulation
EU;87bc9ed6-0b75-11f0-b1a3-01aa75ed71a1;regulation;;2025-03-27;;;https://eur-lex.europa.eu/legal-content/IT/TXT/?uri=CELEX:87bc9ed6-0b75-11f0-b1a3-01aa75ed71a1;;http://publications.europa.eu/ontology/cdm#regulation
EU;e404d660-0919-11f0-b1a3-01aa75ed71a1;regulation;;2025-03-24;;;https://eur-lex.europa.eu/legal-content/IT/TXT/?uri=CELEX:e404d660-0919-11f0-b1a3-01aa75ed71a1;;http://publications.europa.eu/ontology/cdm#regulation
EU;dba39aa6-0919-11f0-b1a3-01aa75ed71a1;regulation;;2025-03-24;;;https://eur-lex.europa.eu/legal-content/IT/TXT/?uri=CELEX:dba39aa6-0919-11f0-b1a3-01aa75ed71a1;;http://publications.europa.eu/ontology/cdm#regulation
EU;ea4eff62-05f4-11f0-b1a3-01aa75ed71a1;regulation;;2025-03-18;;;https://eur-lex.europa.eu/legal-content/IT/TXT/?uri=CELEX:ea4eff62-05f4-11f0-b1a3-01aa75ed71a1;;http://publications.europa.eu/ontology/cdm#regulation
EU;b1fe6ec0-02d0-11f0-9503-01aa75ed71a1;regulation;;2025-03-17;;;https://eur-lex.europa.eu/legal-content/IT/TXT/?uri=CELEX:b1fe6ec0-02d0-11f0-9503-01aa75ed71a1;;http://publications.europa.eu/ontology/cdm#regulation
EU;fcfae9d6-0919-11f0-b1a3-01aa75ed71a1;directive;;2025-03-11;;;https://eur-lex.europa.eu/legal-content/IT/TXT/?uri=CELEX:fcfae9d6-0919-11f0-b1a3-01aa75ed71a1;;http://publications.europa.eu/ontology/cdm#directive
EU;ede70ccb-0919-11f0-b1a3-01aa75ed71a1;regulation;;2025-03-11;;;https://eur-lex.europa.eu/legal-content/IT/TXT/?uri=CELEX:ede70ccb-0919-11f0-b1a3-01aa75ed71a1;;http://publications.europa.eu/ontology/cdm#regulation
EU;887a44ff-fd50-11ef-b7db-01aa75ed71a1;regulation;;2025-03-07;;;https://eur-lex.europa.eu/legal-content/IT/TXT/?uri=CELEX:887a44ff-fd50-11ef-b7db-01aa75ed71a1;;http://publications.europa.eu/ontology/cdm#regulation
EU;6cb19759-f2a8-11ef-981b-01aa75ed71a1;regulation;;2025-02-24;;;https://eur-lex.europa.eu/legal-content/IT/TXT/?uri=CELEX:6cb19759-f2a8-11ef-981b-01aa75ed71a1;;http://publications.europa.eu/ontology/cdm#regulation
EU;2e8ab935-f319-11ef-b7db-01aa75ed71a1;regulation;;2025-02-24;;;https://eur-lex.europa.eu/legal-content/IT/TXT/?uri=CELEX:2e8ab935-f319-11ef-b7db-01aa75ed71a1;;http://publications.europa.eu/ontology/cdm#regulation
EU;17ed8bf4-f294-11ef-981b-01aa75ed71a1;regulation;;2025-02-24;;;https://eur-lex.europa.eu/legal-content/IT/TXT/?uri=CELEX:17ed8bf4-f294-11ef-981b-01aa75ed71a1;;http://publications.europa.eu/ontology/cdm#regulation
EU;7bb30fb7-f2a6-11ef-981b-01aa75ed71a1;regulation;;2025-02-24;;;https://eur-lex.europa.eu/legal-content/IT/TXT/?uri=CELEX:7bb30fb7-f2a6-11ef-981b-01aa75ed71a1;;http://publications.europa.eu/ontology/cdm#regulation
EU;cfe3c300-f28f-11ef-981b-01aa75ed71a1;regulation;;2025-02-24;;;https://eur-lex.europa.eu/legal-content/IT/TXT/?uri=CELEX:cfe3c300-f28f-11ef-981b-01aa75ed71a1;;http://publications.europa.eu/ontology/cdm#regulation
EU;4c37a31a-f298-11ef-981b-01aa75ed71a1;regulation;;2025-02-24;;;https://eur-lex.europa.eu/legal-content/IT/TXT/?uri=CELEX:4c37a31a-f298-11ef-981b-01aa75ed71a1;;http://publications.europa.eu/ontology/cdm#regulation
EU;9c49dc7b-f256-11ef-981b-01aa75ed71a1;regulation;;2025-02-21;;;https://eur-lex.europa.eu/legal-content/IT/TXT/?uri=CELEX:9c49dc7b-f256-11ef-981b-01aa75ed71a1;;http://publications.europa.eu/ontology/cdm#regulation
EU;c38bfa7d-f254-11ef-981b-01aa75ed71a1;regulation;;2025-02-21;;;https://eur-lex.europa.eu/legal-content/IT/TXT/?uri=CELEX:c38bfa7d-f254-11ef-981b-01aa75ed71a1;;http://publications.europa.eu/ontology/cdm#regulation
EU;ef5aecfa-f255-11ef-981b-01aa75ed71a1;regulation;;2025-02-21;;;https://eur-lex.europa.eu/legal-content/IT/TXT/?uri=CELEX:ef5aecfa-f255-11ef-981b-01aa75ed71a1;;http://publications.europa.eu/ontology/cdm#regulation
EU;23a50223-f575-11ef-b7db-01aa75ed71a1;directive;;2025-02-18;;;https://eur-lex.europa.eu/legal-content/IT/TXT/?uri=CELEX:23a50223-f575-11ef-b7db-01aa75ed71a1;;http://publications.europa.eu/ontology/cdm#directive
EU;556b2b3b-eff4-11ef-981b-01aa75ed71a1;regulation;;2025-02-18;;;https://eur-lex.europa.eu/legal-content/IT/TXT/?uri=CELEX:556b2b3b-eff4-11ef-981b-01aa75ed71a1;;http://publications.europa.eu/ontology/cdm#regulation
EU;531b8c37-f962-11ef-b7db-01aa75ed71a1;regulation;;2025-02-11;;;https://eur-lex.europa.eu/legal-content/IT/TXT/?uri=CELEX:531b8c37-f962-11ef-b7db-01aa75ed71a1;;http://publications.europa.eu/ontology/cdm#regulation
EU;44ff5baf-ef2c-11ef-981b-01aa75ed71a1;regulation;;2025-02-07;;;https://eur-lex.europa.eu/legal-content/IT/TXT/?uri=CELEX:44ff5baf-ef2c-11ef-981b-01aa75ed71a1;;http://publications.europa.eu/ontology/cdm#regulation
EU;95907d90-e29a-11ef-be2a-01aa75ed71a1;regulation;;2025-02-03;;;https://eur-lex.europa.eu/legal-content/IT/TXT/?uri=CELEX:95907d90-e29a-11ef-be2a-01aa75ed71a1;;http://publications.europa.eu/ontology/cdm#regulation
EU;6b1d4211-e42f-11ef-be2a-01aa75ed71a1;regulation;;2025-02-02;;;https://eur-lex.europa.eu/legal-content/IT/TXT/?uri=CELEX:6b1d4211-e42f-11ef-be2a-01aa75ed71a1;;http://publications.europa.eu/ontology/cdm#regulation
EU;78e6d109-e2c2-11ef-be2a-01aa75ed71a1;regulation;;2025-01-30;;;https://eur-lex.europa.eu/legal-content/IT/TXT/?uri=CELEX:78e6d109-e2c2-11ef-be2a-01aa75ed71a1;;http://publications.europa.eu/ontology/cdm#regulation
EU;6d07989e-dfba-11ef-be2a-01aa75ed71a1;regulation;;2025-01-30;;;https://eur-lex.europa.eu/legal-content/IT/TXT/?uri=CELEX:6d07989e-dfba-11ef-be2a-01aa75ed71a1;;http://publications.europa.eu/ontology/cdm#regulation
EU;6dcbfd0b-df74-11ef-be2a-01aa75ed71a1;regulation;;2025-01-30;;;https://eur-lex.europa.eu/legal-content/IT/TXT/?uri=CELEX:6dcbfd0b-df74-11ef-be2a-01aa75ed71a1;;http://publications.europa.eu/ontology/cdm#regulation
EU;0d001e19-deab-11ef-be2a-01aa75ed71a1;regulation;;2025-01-29;;;https://eur-lex.europa.eu/legal-content/IT/TXT/?uri=CELEX:0d001e19-deab-11ef-be2a-01aa75ed71a1;;http://publications.europa.eu/ontology/cdm#regulation
EU;ad2595d3-deab-11ef-be2a-01aa75ed71a1;regulation;;2025-01-29;;;https://eur-lex.europa.eu/legal-content/IT/TXT/?uri=CELEX:ad2595d3-deab-11ef-be2a-01aa75ed71a1;;http://publications.europa.eu/ontology/cdm#regulation
EU;fdc2c00c-deaa-11ef-be2a-01aa75ed71a1;regulation;;2025-01-29;;;https://eur-lex.europa.eu/legal-content/IT/TXT/?uri=CELEX:fdc2c00c-deaa-11ef-be2a-01aa75ed71a1;;http://publications.europa.eu/ontology/cdm#regulation
EU;19613732-deab-11ef-be2a-01aa75ed71a1;regulation;;2025-01-29;;;https://eur-lex.europa.eu/legal-content/IT/TXT/?uri=CELEX:19613732-deab-11ef-be2a-01aa75ed71a1;;http://publications.europa.eu/ontology/cdm#regulation
EU;ec2f2fef-dde1-11ef-be2a-01aa75ed71a1;regulation;;2025-01-28;;;https://eur-lex.europa.eu/legal-content/IT/TXT/?uri=CELEX:ec2f2fef-dde1-11ef-be2a-01aa75ed71a1;;http://publications.europa.eu/ontology/cdm#regulation
EU;25c86b21-d866-11ef-be2a-01aa75ed71a1;regulation;;2025-01-21;;;https://eur-lex.europa.eu/legal-content/IT/TXT/?uri=CELEX:25c86b21-d866-11ef-be2a-01aa75ed71a1;;http://publications.europa.eu/ontology/cdm#regulation
EU;f3164ed2-d79c-11ef-be2a-01aa75ed71a1;regulation;;2025-01-14;;;https://eur-lex.europa.eu/legal-content/IT/TXT/?uri=CELEX:f3164ed2-d79c-11ef-be2a-01aa75ed71a1;;http://publications.europa.eu/ontology/cdm#regulation
EU;00d0ad73-d476-11ef-be2a-01aa75ed71a1;regulation;;2025-01-13;;;https://eur-lex.europa.eu/legal-content/IT/TXT/?uri=CELEX:00d0ad73-d476-11ef-be2a-01aa75ed71a1;;http://publications.europa.eu/ontology/cdm#regulation
EU;4def2764-cef6-11ef-be2a-01aa75ed71a1;regulation;;2025-01-10;;;https://eur-lex.europa.eu/legal-content/IT/TXT/?uri=CELEX:4def2764-cef6-11ef-be2a-01aa75ed71a1;;http://publications.europa.eu/ontology/cdm#regulation
EU;018afcc4-d476-11ef-be2a-01aa75ed71a1;regulation;;2025-01-10;;;https://eur-lex.europa.eu/legal-content/IT/TXT/?uri=CELEX:018afcc4-d476-11ef-be2a-01aa75ed71a1;;http://publications.europa.eu/ontology/cdm#regulation
EU;3350e232-cef6-11ef-be2a-01aa75ed71a1;regulation;;2025-01-10;;;https://eur-lex.europa.eu/legal-content/IT/TXT/?uri=CELEX:3350e232-cef6-11ef-be2a-01aa75ed71a1;;http://publications.europa.eu/ontology/cdm#regulation
EU;82cda174-d3aa-11ef-be2a-01aa75ed71a1;regulation;;2025-01-10;;;https://eur-lex.europa.eu/legal-content/IT/TXT/?uri=CELEX:82cda174-d3aa-11ef-be2a-01aa75ed71a1;;http://publications.europa.eu/ontology/cdm#regulation
EU;b2197afb-d3aa-11ef-be2a-01aa75ed71a1;regulation;;2025-01-10;;;https://eur-lex.europa.eu/legal-content/IT/TXT/?uri=CELEX:b2197afb-d3aa-11ef-be2a-01aa75ed71a1;;http://publications.europa.eu/ontology/cdm#regulation
EU;c91d8a85-d150-11ef-be2a-01aa75ed71a1;regulation;;2025-01-08;;;https://eur-lex.europa.eu/legal-content/IT/TXT/?uri=CELEX:c91d8a85-d150-11ef-be2a-01aa75ed71a1;;http://publications.europa.eu/ontology/cdm#regulation
EU;cfefe769-cef5-11ef-be2a-01aa75ed71a1;regulation;;2025-01-07;;;https://eur-lex.europa.eu/legal-content/IT/TXT/?uri=CELEX:cfefe769-cef5-11ef-be2a-01aa75ed71a1;;http://publications.europa.eu/ontology/cdm#regulation
EU;f1818067-cef5-11ef-be2a-01aa75ed71a1;regulation;;2025-01-07;;;https://eur-lex.europa.eu/legal-content/IT/TXT/?uri=CELEX:f1818067-cef5-11ef-be2a-01aa75ed71a1;;http://publications.europa.eu/ontology/cdm#regulation
EU;ceebbf4a-d150-11ef-be2a-01aa75ed71a1;regulation;;2025-01-07;;;https://eur-lex.europa.eu/legal-content/IT/TXT/?uri=CELEX:ceebbf4a-d150-11ef-be2a-01aa75ed71a1;;http://publications.europa.eu/ontology/cdm#regulation
EU;0b78154a-d151-11ef-be2a-01aa75ed71a1;regulation;;2025-01-07;;;https://eur-lex.europa.eu/legal-content/IT/TXT/?uri=CELEX:0b78154a-d151-11ef-be2a-01aa75ed71a1;;http://publications.europa.eu/ontology/cdm#regulation
EU;d4f303fc-cef5-11ef-be2a-01aa75ed71a1;regulation;;2025-01-07;;;https://eur-lex.europa.eu/legal-content/IT/TXT/?uri=CELEX:d4f303fc-cef5-11ef-be2a-01aa75ed71a1;;http://publications.europa.eu/ontology/cdm#regulation